{
    "animation": [
        {
            "name": "Root",
            "time": [0.0, 0.05, 0.1333, 0.2167, 0.3, 0.3833, 0.4667, 0.55, 0.6333, 0.7167, 0.8, 0.8833],
            "transform": [
                [1.0, 0.0, 0.0, 1.7e-05, 0.0, 0.0, -1.0, 0.000905, 0.0, 1.0, 0.0, 0.775168, 0.0, 0.0, 0.0, 1.0],
                [1.0, 0.0, 0.0, 1.7e-05, 0.0, 0.0, -1.0, 0.000905, 0.0, 1.0, 0.0, 0.775168, 0.0, 0.0, 0.0, 1.0],
                [1.0, 0.0, 0.0, 1.7e-05, 0.0, 0.0, -1.0, 0.000905, 0.0, 1.0, 0.0, 0.70707, 0.0, 0.0, 0.0, 1.0],
                [1.0, 0.0, 0.0, 1.7e-05, 0.0, 0.0, -1.0, 0.000905, 0.0, 1.0, 0.0, 0.638973, 0.0, 0.0, 0.0, 1.0],
                [1.0, 0.0, 0.0, 1.7e-05, 0.0, 0.0, -1.0, 0.000905, 0.0, 1.0, 0.0, 0.669034, 0.0, 0.0, 0.0, 1.0],
                [1.0, 0.0, 0.0, 1.7e-05, 0.0, 0.0, -1.0, 0.000905, 0.0, 1.0, 0.0, 0.712241, 0.0, 0.0, 0.0, 1.0],
                [1.0, 0.0, 0.0, 1.7e-05, 0.0, 0.0, -1.0, 0.000905, 0.0, 1.0, 0.0, 0.775168, 0.0, 0.0, 0.0, 1.0],
                [1.0, 0.0, 0.0, 1.7e-05, 0.0, 0.0, -1.0, 0.000905, 0.0, 1.0, 0.0, 0.70707, 0.0, 0.0, 0.0, 1.0],
                [1.0, 0.0, 0.0, 1.7e-05, 0.0, 0.0, -1.0, 0.000905, 0.0, 1.0, 0.0, 0.638973, 0.0, 0.0, 0.0, 1.0],
                [1.0, 0.0, 0.0, 1.7e-05, 0.0, 0.0, -1.0, 0.000905, 0.0, 1.0, 0.0, 0.669034, 0.0, 0.0, 0.0, 1.0],
                [1.0, 0.0, 0.0, 1.7e-05, 0.0, 0.0, -1.0, 0.000905, 0.0, 1.0, 0.0, 0.712241, 0.0, 0.0, 0.0, 1.0],
                [1.0, 0.0, 0.0, 1.7e-05, 0.0, 0.0, -1.0, 0.000905, 0.0, 1.0, 0.0, 0.775168, 0.0, 0.0, 0.0, 1.0]
            ]
        },
        {
            "name": "Thigh_R",
            "time": [0.0, 0.05, 0.1333, 0.2167, 0.3, 0.3833, 0.4667, 0.55, 0.6333, 0.7167, 0.8, 0.8833],
            "transform": [
                [0.99687, 0.057553, 0.054196, 0.124994, 0.022886, -0.866296, 0.499004, -0.002831, 0.075669, -0.496201, -0.864904, -1.2e-05, 0.0, 0.0, 0.0, 1.0],
                [0.99687, 0.057553, 0.054196, 0.124994, 0.022886, -0.866296, 0.499004, -0.002831, 0.075669, -0.496201, -0.864904, -1.2e-05, 0.0, 0.0, 0.0, 1.0],
                [0.99753, 0.044473, 0.054367, 0.124994, 0.002518, -0.796162, 0.605077, -0.002831, 0.070194, -0.603445, -0.794309, -1.2e-05, 0.0, 0.0, 0.0, 1.0],
                [0.997917, 0.031756, 0.056151, 0.124994, -0.016624, -0.714445, 0.699494, -0.002831, 0.062329, -0.698969, -0.71243, -1.2e-05, 0.0, 0.0, 0.0, 1.0],
                [0.999698, 0.011528, 0.021684, 0.124994, -0.005708, -0.749727, 0.661722, -0.002831, 0.023885, -0.661646, -0.749436, -1.2e-05, 0.0, 0.0, 0.0, 1.0],
                [0.999679, 0.006587, 0.024473, 0.124994, -0.005515, -0.885954, 0.46374, -0.002831, 0.024736, -0.463725, -0.885634, -1.2e-05, 0.0, 0.0, 0.0, 1.0],
                [0.996195, -0.0, 0.087156, 0.124994, 0.003799, -0.999049, -0.043424, -0.002831, 0.087073, 0.04359, -0.995248, -1.2e-05, 0.0, 0.0, 0.0, 1.0],
                [0.996195, -0.0, 0.087155, 0.124994, 0.019851, -0.973713, -0.226909, -0.002831, 0.084865, 0.227776, -0.970008, -1.2e-05, 0.0, 0.0, 0.0, 1.0],
                [0.996195, -0.0, 0.087155, 0.124994, 0.034932, -0.916162, -0.399282, -0.002831, 0.079849, 0.400807, -0.912676, -1.2e-05, 0.0, 0.0, 0.0, 1.0],
                [0.996194, -0.0, 0.087155, 0.124994, 0.021525, -0.969021, -0.246032, -0.002831, 0.084456, 0.246971, -0.965336, -1.2e-05, 0.0, 0.0, 0.0, 1.0],
                [0.996478, 0.018745, 0.081723, 0.124994, 0.014955, -0.998793, 0.046747, -0.002831, 0.082501, -0.04536, -0.995558, -1.2e-05, 0.0, 0.0, 0.0, 1.0],
                [0.99687, 0.057553, 0.054196, 0.124994, 0.022886, -0.866296, 0.499004, -0.002831, 0.075669, -0.496201, -0.864904, -1.2e-05, 0.0, 0.0, 0.0, 1.0]
            ]
        },
        {
            "name": "Leg_R",
            "time": [0.0, 0.05, 0.1333, 0.2167, 0.3, 0.3833, 0.4667, 0.55, 0.6333, 0.7167, 0.8, 0.8833],
            "transform": [
                [1.0, 0.0, 1e-06, 0.0, -1e-06, 0.375306, 0.9269, 0.37472, -0.0, -0.926902, 0.375306, 0.0, 0.0, 0.0, 0.0, 1.0],
                [1.0, 0.0, 1e-06, 0.0, -1e-06, 0.375306, 0.9269, 0.37472, -0.0, -0.926902, 0.375306, 0.0, 0.0, 0.0, 0.0, 1.0],
                [1.0, 0.0, 1e-06, 0.0, -1e-06, 0.627654, 0.778492, 0.37472, -0.0, -0.778493, 0.627654, 0.0, 0.0, 0.0, 0.0, 1.0],
                [1.0, 0.0, 1e-06, 0.0, -1e-06, 0.872166, 0.489211, 0.37472, -1e-06, -0.489211, 0.872165, 0.0, 0.0, 0.0, 0.0, 1.0],
                [1.0, 0.0, 1e-06, 0.0, -1e-06, 0.767813, 0.640674, 0.37472, -1e-06, -0.640674, 0.767813, 0.0, 0.0, 0.0, 0.0, 1.0],
                [1.0, 0.0, 1e-06, -0.0, -1e-06, 0.845172, 0.534494, 0.37472, -1e-06, -0.534494, 0.845173, -0.0, 0.0, 0.0, 0.0, 1.0],
                [1.0, 0.0, 1e-06, -0.0, -1e-06, 0.996194, 0.087156, 0.37472, -1e-06, -0.087156, 0.996195, -0.0, 0.0, 0.0, 0.0, 1.0],
                [1.0, 0.0, 1e-06, -0.0, -0.0, 0.976242, 0.216684, 0.37472, -1e-06, -0.216684, 0.976242, 0.0, 0.0, 0.0, 0.0, 1.0],
                [1.0, -0.0, 1e-06, -0.0, -0.0, 0.939693, 0.34202, 0.37472, -1e-06, -0.342021, 0.939692, -0.0, 0.0, 0.0, 0.0, 1.0],
                [1.0, -0.0, 1e-06, -0.0, -0.0, 0.805698, 0.592326, 0.37472, -1e-06, -0.592327, 0.805698, -0.0, 0.0, 0.0, 0.0, 1.0],
                [1.0, -0.0, 1e-06, 0.0, -1e-06, 0.604998, 0.796227, 0.37472, -1e-06, -0.796228, 0.604997, -0.0, 0.0, 0.0, 0.0, 1.0],
                [1.0, 0.0, 1e-06, 0.0, -1e-06, 0.375306, 0.9269, 0.37472, -0.0, -0.926902, 0.375306, 0.0, 0.0, 0.0, 0.0, 1.0]
            ]
        },
        {
            "name": "Knee_R",
            "time": [0.0, 0.05, 0.1333, 0.2167, 0.3, 0.3833, 0.4667, 0.55, 0.6333, 0.7167, 0.8, 0.8833],
            "transform": [
                [1.0, 0.0, -0.0, 0.0, -0.0, 0.0, -1.0, 0.37472, -0.0, 1.0, 0.0, 0.0, 0.0, 0.0, 0.0, 1.0],
                [1.0, 0.0, -0.0, 0.0, -0.0, 0.0, -1.0, 0.37472, -0.0, 1.0, 0.0, 0.0, 0.0, 0.0, 0.0, 1.0],
                [1.0, 0.0, -0.0, 0.0, -0.0, 0.0, -1.0, 0.37472, -0.0, 1.0, 0.0, 0.0, 0.0, 0.0, 0.0, 1.0],
                [1.0, 0.0, -0.0, 0.0, -0.0, 0.0, -1.0, 0.37472, -0.0, 1.0, 0.0, 0.0, 0.0, 0.0, 0.0, 1.0],
                [1.0, 0.0, -0.0, 0.0, -0.0, 0.0, -1.0, 0.37472, -0.0, 1.0, 0.0, 0.0, 0.0, 0.0, 0.0, 1.0],
                [1.0, 0.0, -0.0, -0.0, -0.0, 0.0, -1.0, 0.37472, -0.0, 1.0, 0.0, -0.0, 0.0, 0.0, 0.0, 1.0],
                [1.0, 0.0, -0.0, -0.0, -0.0, 0.0, -1.0, 0.37472, -0.0, 1.0, 0.0, 0.0, 0.0, 0.0, 0.0, 1.0],
                [1.0, 0.0, -0.0, -0.0, -0.0, 0.0, -1.0, 0.37472, -0.0, 1.0, 0.0, 0.0, 0.0, 0.0, 0.0, 1.0],
                [1.0, 0.0, -0.0, -0.0, -0.0, 0.0, -1.0, 0.37472, -0.0, 1.0, 0.0, -0.0, 0.0, 0.0, 0.0, 1.0],
                [1.0, 0.0, -0.0, -0.0, -0.0, 0.0, -1.0, 0.37472, -0.0, 1.0, 0.0, -0.0, 0.0, 0.0, 0.0, 1.0],
                [1.0, 0.0, -0.0, 0.0, -0.0, 0.0, -1.0, 0.37472, -0.0, 1.0, 0.0, -0.0, 0.0, 0.0, 0.0, 1.0],
                [1.0, 0.0, -0.0, 0.0, -0.0, 0.0, -1.0, 0.37472, -0.0, 1.0, 0.0, 0.0, 0.0, 0.0, 0.0, 1.0]
            ]
        },
        {
            "name": "Thigh_L",
            "time": [0.0, 0.05, 0.1333, 0.2167, 0.3, 0.3833, 0.4667, 0.55, 0.6333, 0.7167, 0.8, 0.8833],