{
    "animation": [
        {
            "name": "Root",
            "time": [0.0, 0.15, 0.1667, 0.25, 0.35, 0.75],
            "transform": [
                [1.0, 0.0, 0.0, -0.00679, 0.0, 0.0, -1.0, 0.001111, 0.0, 1.0, 0.0, 0.532111, 0.0, 0.0, 0.0, 1.0],
                [1.0, 0.0, 0.0, -0.00679, 0.0, 0.0, -1.0, 0.897624, 0.0, 1.0, 0.0, 0.532111, 0.0, 0.0, 0.0, 1.0],
                [1.0, 0.0, 0.0, -0.00679, 0.0, 0.0, -1.0, 1.023352, 0.0, 1.0, 0.0, 0.532111, 0.0, 0.0, 0.0, 1.0],
                [1.0, 0.0, 0.0, -0.00679, 0.0, 0.0, -1.0, 2.73659, 0.0, 1.0, 0.0, 0.532111, 0.0, 0.0, 0.0, 1.0],
                [1.0, 0.0, 0.0, -0.00679, 0.0, 0.0, -1.0, 2.869898, 0.0, 1.0, 0.0, 0.545331, 0.0, 0.0, 0.0, 1.0],
                [1.0, 0.0, 0.0, -0.00679, 0.0, 0.0, -1.0, 3.01856, 0.0, 1.0, 0.0, 0.658965, 0.0, 0.0, 0.0, 1.0]
            ]
        },
        {
            "name": "Thigh_R",
            "time": [0.0, 0.15, 0.25, 0.35, 0.75],
            "transform": [
                [0.987559, -0.124679, -0.095823, 0.122611, -0.032132, -0.75652, 0.65318, 0.00732, -0.15393, -0.641975, -0.751114, -0.017424, 0.0, 0.0, 0.0, 1.0],
                [0.989788, -0.141775, -0.014821, 0.122611, -0.114597, -0.853229, 0.508789, 0.005649, -0.084779, -0.501894, -0.860763, -0.012032, 0.0, 0.0, 0.0, 1.0],
                [0.987559, -0.15537, 0.024229, 0.122611, -0.150695, -0.891088, 0.428079, 0.004814, -0.044921, -0.426404, -0.903416, -0.009336, 0.0, 0.0, 0.0, 1.0],
                [0.987116, -0.093389, 0.129927, 0.122802, -0.131483, -0.936167, 0.32604, 0.003468, 0.091185, -0.338922, -0.936384, -0.007113, 0.0, 0.0, 0.0, 1.0],
                [0.626254, 0.315686, 0.712845, 0.124994, 0.406465, -0.912455, 0.046995, -0.002831, 0.665276, 0.260315, -0.699746, -1.2e-05, 0.0, 0.0, 0.0, 1.0]
            ]
        },
        {
            "name": "Leg_R",
            "time": [0.0, 0.15, 0.25, 0.35, 0.75],
            "transform": [
                [0.99172, -0.120676, 0.043929, -0.0, -0.036058, 0.066644, 0.997127, 0.37472, -0.123257, -0.990452, 0.061741, 0.0, 0.0, 0.0, 0.0, 1.0],
                [0.99172, -0.127187, 0.017774, -0.0, -0.036058, -0.142937, 0.989076, 0.37472, -0.123257, -0.981525, -0.14634, 0.0, 0.0, 0.0, 0.0, 1.0],
                [0.99172, -0.12835, 0.004348, 0.0, -0.036059, -0.245797, 0.968652, 0.37472, -0.123257, -0.960786, -0.24839, -0.0, 0.0, 0.0, 0.0, 1.0],
                [0.993331, -0.11512, 0.00633, 0.0, -0.022777, -0.142124, 0.989588, 0.37472, -0.113022, -0.983132, -0.143798, -0.0, 0.0, 0.0, 0.0, 1.0],
                [1.0, 0.0, 1e-06, 0.0, -0.0, 0.921708, 0.387895, 0.37472, -1e-06, -0.387899, 0.921698, -0.0, 0.0, 0.0, 0.0, 1.0]
            ]
        },
        {
            "name": "Knee_R",
            "time": [0.0, 0.15, 0.25, 0.35, 0.75],
            "transform": [
                [1.0, 0.0, -1e-06, -9.9e-05, -1e-06, 0.0, -1.0, 0.40892, -0.0, 1.0, 0.0, -0.00034, 0.0, 0.0, 0.0, 1.0],
                [1.0, 0.0, -1e-06, -9.9e-05, -1e-06, 0.0, -1.0, 0.40892, -0.0, 1.0, -0.0, -0.00034, 0.0, 0.0, 0.0, 1.0],
                [1.0, 0.0, -1e-06, -9.9e-05, -1e-06, 0.0, -1.0, 0.40892, -0.0, 1.0, 0.0, -0.00034, 0.0, 0.0, 0.0, 1.0],
                [1.0, 0.0, -1e-06, -9.1e-05, -1e-06, 0.0, -1.0, 0.406181, -0.0, 1.0, 0.0, -0.000313, 0.0, 0.0, 0.0, 1.0],
                [1.0, 0.0, -0.0, 0.0, -0.0, 0.0, -1.0, 0.37472, -0.0, 1.0, 0.0, -0.0, 0.0, 0.0, 0.0, 1.0]
            ]
        },
        {
            "name": "Thigh_L",
            "time": [0.0, 0.15, 0.25, 0.35, 0.75],
            "transform": [
                [0.982072, 0.186837, -0.025023, -0.122199, 0.186761, -0.946354, 0.263689, -0.002585, 0.025586, -0.263635, -0.964283, 0.0016, 0.0, 0.0, 0.0, 1.0],
                [0.982072, 0.186837, -0.025023, -0.122199, 0.162626, -0.906876, -0.38875, 0.001927, -0.095326, 0.377711, -0.921004, 0.008602, 0.0, 0.0, 0.0, 1.0],
                [0.982072, 0.186837, -0.025023, -0.122199, 0.123174, -0.736515, -0.665111, 0.004183, -0.142697, 0.650104, -0.746326, 0.012103, 0.0, 0.0, 0.0, 1.0],
                [0.982953, 0.16631, -0.078386, -0.122424, 0.08954, -0.805386, -0.585947, 0.003621, -0.16058, 0.568939, -0.806549, 0.011132, 0.0, 0.0, 0.0, 1.0],
                [0.962645, -0.166666, -0.213394, -0.125006, -0.0, -0.78811, 0.615534, -0.002831, -0.270767, -0.592541, -0.75867, -1.2e-05, 0.0, 0.0, 0.0, 1.0]
            ]
        },
        {
            "name": "Leg_L",
            "time": [0.0, 0.15, 0.25, 0.35, 0.75],
            "transform": [
                [0.998934, -0.046162, 0.000397, 0.0, 0.00683, 0.156302, 0.987686, 0.37472, -0.045656, -0.986629, 0.156451, 0.0, 0.0, 0.0, 0.0, 1.0],
                [0.998934, -0.035419, 0.029607, 0.0, 0.00683, 0.747684, 0.66402, 0.37472, -0.045656, -0.663109, 0.747129, 0.0, 0.0, 0.0, 0.0, 1.0],
                [0.998934, -0.023569, 0.039694, -0.0, 0.00683, 0.925835, 0.377865, 0.374721, -0.045656, -0.37719, 0.92501, 0.0, 0.0, 0.0, 0.0, 1.0],
                [0.999136, -0.019042, 0.036933, -0.0, 0.002732, 0.917, 0.398878, 0.37472, -0.041463, -0.398432, 0.916261, 0.0, 0.0, 0.0, 0.0, 1.0],
                [1.0, 0.0, 1e-06, -0.0, -1e-06, 0.781431, 0.623992, 0.374721, -1e-06, -0.623992, 0.781431, -0.0, 0.0, 0.0, 0.0, 1.0]
            ]
        },
        {
            "name": "Knee_L",
            "time": [0.0, 0.15, 0.25, 0.35, 0.75],
            "transform": [
                [1.0, 0.0, -1e-06, 8e-05, -1e-06, 0.0, -1.0, 0.402191, -0.0, 1.0, 0.0, -0.000273, 0.0, 0.0, 0.0, 1.0],
                [1.0, 0.0, -1e-06, 8e-05, -1e-06, 0.0, -1.0, 0.402191, -0.0, 1.0, 0.0, -0.000273, 0.0, 0.0, 0.0, 1.0],
                [1.0, 0.0, -1e-06, 8e-05, -1e-06, 0.0, -1.0, 0.402191, -0.0, 1.0, 0.0, -0.000273, 0.0, 0.0, 0.0, 1.0],
                [1.0, 0.0, -1e-06, 7.3e-05, -1e-06, 0.0, -1.0, 0.399991, -0.0, 1.0, 0.0, -0.000251, 0.0, 0.0, 0.0, 1.0],
                [1.0, 0.0, -0.0, -0.0, -0.0, 0.0, -1.0, 0.374721, -0.0, 1.0, 0.0, -0.0, 0.0, 0.0, 0.0, 1.0]
            ]
        },
        {
            "name": "Torso",
            "time": [0.0, 0.15, 0.25, 0.35, 0.75],
            "transform": [
                [0.970254, -0.216276, -0.108776, 0.0, 0.241973, 0.852375, 0.463579, 0.05, -0.007543, -0.47611, 0.879353, 0.0, 0.0, 0.0, 0.0, 1.0],
                [0.970254, -0.216276, -0.108776, 0.0, 0.228879, 0.67309, 0.703253, 0.05, -0.078881, -0.707231, 0.702569, 0.0, 0.0, 0.0, 0.0, 1.0],
                [0.970254, -0.216276, -0.108776, 0.0, 0.214528, 0.559893, 0.800311, 0.05, -0.112185, -0.79984, 0.589636, 0.0, 0.0, 0.0, 0.0, 1.0],
                [0.97462, -0.202441, -0.095568, 0.0, 0.200904, 0.602618, 0.772327, 0.05, -0.09876, -0.771926, 0.627995, 0.0, 0.0, 0.0, 0.0, 1.0],
                [1.0, 0.0, 0.0, 0.0, 0.0, 0.948777, 0.315948, 0.05, 0.0, -0.315948, 0.948776, 0.0, 0.0, 0.0, 0.0, 1.0]
            ]
        },
        {
            "name": "Chest",
            "time": [0.0, 0.15, 0.25, 0.35, 0.75],
            "transform": [
                [0.675799, 0.597472, -0.431651, -0.0, 0.060581, 0.538613, 0.840372, 0.3, 0.734592, -0.594073, 0.327799, 0.0, 0.0, 0.0, 0.0, 1.0],
                [0.714305, 0.539698, -0.445527, -0.0, 0.280267, 0.362732, 0.88875, 0.3, 0.641263, -0.759705, 0.107842, 0.0, 0.0, 0.0, 0.0, 1.0],
                [1.0, 0.0, -0.0, 0.0, -0.0, 1.0, 0.0, 0.3, 0.0, -0.0, 1.0, 0.0, 0.0, 0.0, 0.0, 1.0],
                [1.0, 0.0, -0.0, 0.0, -0.0, 0.998205, 0.059884, 0.3, 0.0, -0.059884, 0.998205, -0.0, 0.0, 0.0, 0.0, 1.0],
                [1.0, 0.0, -0.0, 0.0, -0.0, 0.723276, 0.690559, 0.3, 0.0, -0.690559, 0.723276, 0.0, 0.0, 0.0, 0.0, 1.0]
            ]
        },
        {
            "name": "Head",
            "time": [0.0, 0.15, 0.25, 0.35, 0.75],